id,first_name,last_name,email,gender,ip_address
1,Benedict,Craggs,bcraggs0@wikia.com,Male,58.125.113.237
2,Earlie,Binny,ebinny1@posterous.com,Male,97.106.134.235
3,Alvan,MacCathay,amaccathay2@canalblog.com,Male,69.50.226.7
4,Gabriello,Thurby,gthurby3@lulu.com,Male,255.30.37.148
5,Gannon,Mathely,gmathely4@state.tx.us,Male,4.254.114.212
6,Morgan,Malek,mmalek5@mozilla.com,Female,66.146.59.104
7,Ardra,Prys,aprys6@g.co,Female,111.226.184.42
8,Rogerio,Whoolehan,rwhoolehan7@psu.edu,Male,3.142.120.105
9,Harmonie,Winteringham,hwinteringham8@domainmarket.com,Female,146.128.145.233
10,Estrella,Shattock,eshattock9@statcounter.com,Female,2.133.68.85
11,Maritsa,Garlick,mgarlicka@usnews.com,Female,31.91.150.95
12,Erda,Tabram,etabramb@dion.ne.jp,Female,208.236.147.31
13,Maiga,Touson,mtousonc@amazon.co.jp,Female,51.195.164.207
14,Scarlet,Combes,scombesd@skyrock.com,Female,202.27.169.6
15,Mala,Stearndale,mstearndalee@google.fr,Female,102.6.171.133
16,Willa,Enevold,wenevoldf@home.pl,Female,48.98.51.17
17,Marjie,Vahl,mvahlg@photobucket.com,Female,2.179.239.82
18,Amity,Largan,alarganh@google.com.hk,Female,121.22.224.192
19,Amabelle,Bartell,abartelli@skyrock.com,Female,146.127.217.136
20,Cherilyn,Siemantel,csiemantelj@nbcnews.com,Female,9.186.152.20
